age,sex,bmi,children,smoker,region,charges
18,female,36.85,0,yes,southeast,36149.4835
30,female,27.93,0,no,northeast,4137.5227
48,male,29.7,0,no,southeast,7789.635
18,male,38.17,0,yes,southeast,36307.7983
19,female,21.7,0,yes,southwest,13844.506
31,female,26.62,0,no,southeast,3757.8448
54,female,31.9,3,no,southeast,27322.73386
63,male,36.765,0,no,northeast,13981.85035
26,male,32.49,1,no,northeast,3490.5491
58,male,36.08,0,no,southeast,11363.2832
36,male,31.5,0,no,southwest,4402.233
20,male,33.33,0,no,southeast,1391.5287
60,female,38.06,0,no,southeast,12648.7034
52,male,26.4,3,no,southeast,25992.82104
57,male,40.945,0,no,northeast,11566.30055
32,female,23.65,1,no,southeast,17626.23951
56,male,25.935,0,no,northeast,11165.41765
43,male,32.6,2,no,southwest,7441.501
26,female,29.48,1,no,southeast,3392.3652
61,male,31.57,0,no,southeast,12557.6053
19,male,20.3,0,no,southwest,1242.26
46,female,30.8,3,no,southwest,9414.92
27,male,28.5,0,yes,northwest,18310.742
19,female,30.59,2,no,northwest,24059.68019
60,male,31.35,3,yes,northwest,46130.5265
23,female,28.12,0,no,northwest,2690.1138
18,female,31.13,0,no,southeast,1621.8827
34,female,31.92,1,yes,northeast,37701.8768
58,male,35.7,0,no,southwest,11362.755
32,male,28.93,1,yes,southeast,19719.6947
42,male,26.125,2,no,northeast,7729.64575
63,female,36.3,0,no,southeast,13887.204
24,male,29.3,0,no,southwest,1977.815
46,female,23.655,1,yes,northwest,21677.28345
51,female,37.73,1,no,southeast,9877.6077
44,male,21.85,3,no,northeast,8891.1395
46,female,30.2,2,no,southwest,8825.086
19,male,28.7,0,no,southwest,1253.936
21,female,26.4,1,no,southwest,2597.779
61,male,23.655,0,no,northeast,13129.60345
61,female,21.09,0,no,northwest,13415.0381
18,male,30.4,3,no,northeast,3481.868
38,female,19.475,2,no,northwest,6933.24225
40,male,41.23,1,no,northeast,6610.1097
59,female,32.395,3,no,northeast,14590.63205
37,male,29.8,0,no,southwest,20420.60465
42,male,31.255,0,no,northwest,6358.77645
36,female,29.92,0,no,southeast,4889.0368
55,female,37.1,0,no,southwest,10713.644
26,male,29.45,0,no,northeast,2897.3235
31,male,25.935,1,no,northwest,4239.89265
32,female,24.6,0,yes,southwest,17496.306
21,male,26.03,0,no,northeast,2102.2647
22,male,34.8,3,no,southwest,3443.064
37,female,23.37,2,no,northwest,6686.4313
29,male,27.94,0,no,southeast,2867.1196
60,female,25.84,0,no,northwest,28923.13692
20,female,28.785,0,no,northeast,2457.21115
45,female,39.995,3,no,northeast,9704.66805
36,female,26.885,0,no,northwest,5267.81815
35,male,38.6,1,no,southwest,4762.329
57,male,31.54,0,no,northwest,11353.2276
58,female,29.0,0,no,southwest,11842.442
43,female,20.045,2,yes,northeast,19798.05455
57,male,43.7,1,no,southwest,11576.13
35,male,17.86,1,no,northwest,5116.5004
61,male,33.915,0,no,northeast,13143.86485
43,female,46.2,0,yes,southeast,45863.205
42,female,33.155,1,no,northeast,7639.41745
18,male,43.01,0,no,southeast,1149.3959
51,male,30.03,1,no,southeast,9377.9047
19,female,28.9,0,no,southwest,1743.214
48,female,41.23,4,no,northwest,11033.6617
18,female,39.82,0,no,southeast,1633.9618
35,male,39.71,4,no,northeast,19496.71917
19,male,34.1,0,no,southwest,1261.442
58,male,34.39,0,no,northwest,11743.9341
54,female,30.8,3,no,southwest,12105.32
41,female,31.635,1,no,northeast,7358.17565
48,female,22.8,0,no,southwest,8269.044
62,female,38.095,2,no,northeast,15230.32405
59,male,25.46,0,no,northwest,12124.9924
53,female,26.6,0,no,northwest,10355.641
32,female,31.54,1,no,northeast,5148.5526
58,female,31.825,2,no,northeast,13607.36875
19,male,27.6,0,no,southwest,1252.407
41,male,34.2,2,no,northwest,7261.741
34,female,33.25,1,no,northeast,5594.8455
39,male,34.1,2,no,southeast,23563.01618
20,male,22.0,1,no,southwest,1964.78
33,female,18.5,1,no,southwest,4766.022
59,female,35.2,0,no,southeast,12244.531
36,female,29.04,4,no,southeast,7243.8136
21,female,17.4,1,no,southwest,2585.269
47,male,19.19,1,no,northeast,8627.5411
25,female,24.3,3,no,southwest,4391.652
22,male,39.5,0,no,southwest,1682.597
53,female,36.86,3,yes,northwest,46661.4424
61,female,44.0,0,no,southwest,13063.883
34,male,22.42,2,no,northeast,27375.90478
43,female,25.27,1,yes,northeast,21771.3423
26,male,29.15,1,no,southeast,2902.9065
24,female,22.6,0,no,southwest,2457.502
28,female,25.8,0,no,southwest,3161.454
38,female,34.8,2,no,southwest,6571.544
40,male,32.775,1,yes,northeast,39125.33225
20,female,21.8,0,yes,southwest,20167.33603
27,male,23.1,0,no,southeast,2483.736
19,male,30.59,0,no,northwest,1639.5631
33,male,33.44,5,no,southeast,6653.7886
32,male,31.5,1,no,southwest,4076.497
57,male,34.01,0,no,northwest,11356.6609
28,female,25.935,1,no,northwest,4133.64165
56,female,32.3,3,no,northeast,13430.265
27,male,33.66,0,no,southeast,2498.4144
27,male,31.13,1,yes,southeast,34806.4677
55,female,26.8,1,no,southwest,35160.13457
18,male,17.29,2,yes,northeast,12829.4551
36,female,25.9,1,no,southwest,5472.449
26,female,17.195,2,yes,northeast,14455.64405
51,female,20.6,0,no,southwest,9264.797
22,male,31.73,0,no,northeast,2254.7967
39,male,24.51,2,no,northwest,6710.1919
41,female,32.965,0,no,northwest,6571.02435
19,female,28.88,0,yes,northwest,17748.5062
47,female,36.0,1,no,southwest,8556.907
57,male,23.7,0,no,southwest,10959.33
18,female,39.16,0,no,southeast,1633.0444
37,female,30.78,0,yes,northeast,37270.1512
22,female,39.805,0,no,northeast,2755.02095
56,male,33.725,0,no,northwest,10976.24575
56,female,37.51,2,no,southeast,12265.5069
18,female,42.24,0,yes,southeast,38792.6856
20,female,37.0,5,no,southwest,4830.63
39,male,26.22,1,no,northwest,6123.5688
46,female,35.53,0,yes,northeast,42111.6647
32,male,27.835,1,no,northwest,4454.40265
34,male,30.8,0,yes,southwest,35491.64
44,male,32.015,2,no,northwest,8116.26885
18,female,21.66,0,yes,northeast,14283.4594
47,male,47.52,1,no,southeast,8083.9198
45,female,30.495,1,yes,northwest,39725.51805
29,female,21.85,0,yes,northeast,16115.3045
62,female,25.0,0,no,southwest,13451.122
36,female,19.855,0,no,northeast,5458.04645
57,female,28.7,0,no,southwest,11455.28
50,female,25.6,0,no,southwest,8932.084
39,female,41.8,0,no,southeast,5662.225
59,female,31.35,0,no,northwest,12622.1795
26,female,29.355,2,no,northeast,4564.19145
40,male,41.69,0,no,southeast,5438.7491
59,female,34.8,2,no,southwest,36910.60803
53,male,28.6,3,no,southwest,11253.421
35,male,27.61,1,no,southeast,4747.0529
47,male,25.46,2,no,northeast,9225.2564
33,male,24.795,0,yes,northeast,17904.52705
31,female,23.6,2,no,southwest,4931.647
60,male,28.9,0,no,southwest,12146.971
61,male,28.31,1,yes,northwest,28868.6639
37,male,37.07,1,yes,southeast,39871.7043
18,male,21.78,2,no,southeast,11884.04858
30,male,27.645,1,no,northeast,4237.12655
47,male,38.94,2,yes,southeast,44202.6536
43,female,24.7,2,yes,northwest,21880.82
37,female,17.29,2,no,northeast,6877.9801
34,female,27.72,0,no,southeast,4415.1588
40,female,27.4,1,no,southwest,6496.886
22,male,28.88,0,no,northeast,2250.8352
58,male,30.305,0,no,northeast,11938.25595
37,male,24.32,2,no,northwest,6198.7518
43,female,35.72,2,no,northeast,19144.57652
40,male,35.3,3,no,southwest,7196.867
51,female,36.385,3,no,northwest,11436.73815
31,male,30.875,0,no,northeast,3857.75925
34,male,27.835,1,yes,northwest,20009.63365
45,male,20.35,3,no,southeast,8605.3615
63,male,35.09,0,yes,southeast,47055.5321
59,female,26.505,0,no,northeast,12815.44495
42,female,41.325,1,no,northeast,7650.77375
42,female,26.18,1,no,southeast,7046.7222
28,female,28.88,1,no,northeast,4337.7352
51,male,33.33,3,no,southeast,10560.4917
33,female,33.5,0,yes,southwest,37079.372
60,female,35.1,0,no,southwest,12644.589
25,female,33.99,1,no,southeast,3227.1211
57,female,34.295,2,no,northeast,13224.05705
27,female,21.47,0,no,northwest,3353.4703
26,female,22.61,0,no,northwest,3176.8159
27,female,31.4,0,yes,southwest,34838.873
23,male,37.1,3,no,southwest,3597.596
38,male,31.0,1,no,southwest,5488.262
43,female,34.4,3,no,southwest,8522.003
18,male,53.13,0,no,southeast,1163.4627
23,male,41.91,0,no,southeast,1837.2819
47,male,36.08,1,yes,southeast,42211.1382
52,female,38.38,2,no,northeast,11396.9002
58,female,39.05,0,no,southeast,11856.4115
57,female,25.74,2,no,southeast,12629.1656
40,male,29.355,1,no,northwest,6393.60345
19,male,36.955,0,yes,northwest,36219.40545
48,male,40.565,2,yes,northwest,45702.02235
38,male,19.95,1,no,northwest,5855.9025
18,female,30.305,0,no,northeast,2203.73595
41,male,21.78,1,no,southeast,6272.4772
33,male,35.75,1,yes,southeast,38282.7495
24,female,25.27,0,no,northeast,3044.2133
30,male,31.4,1,no,southwest,3659.346
50,female,33.7,4,no,southwest,11299.343
19,male,25.555,1,no,northwest,2221.56445
38,male,34.7,2,no,southwest,6082.405
58,male,49.06,0,no,southeast,11381.3254
51,female,34.2,1,no,southwest,9872.701
28,male,30.875,0,no,northwest,3062.50825
38,female,28.0,3,no,southwest,7151.092
36,female,22.135,3,no,northeast,7228.21565
47,female,32.0,1,no,southwest,8551.347
25,male,29.7,3,yes,southwest,19933.458
47,male,32.3,1,no,southwest,8062.764
43,female,29.9,1,no,southwest,7337.748
49,female,23.845,3,yes,northeast,24106.91255
31,female,32.775,2,no,northwest,5327.40025
18,female,30.115,0,no,northeast,21344.8467
50,male,32.205,0,no,northwest,8835.26495
46,male,38.17,2,no,southeast,8347.1643
37,female,25.555,1,yes,northeast,20296.86345
38,male,29.26,2,no,northwest,6457.8434
18,female,24.09,1,no,southeast,2201.0971
64,female,32.965,0,no,northwest,14692.66935
53,male,28.88,0,no,northwest,9869.8102
37,female,47.6,2,yes,southwest,46113.511
54,male,25.1,3,yes,southwest,25382.297
19,male,44.88,0,yes,southeast,39722.7462
63,female,27.74,0,yes,northeast,29523.1656
29,female,27.94,1,yes,southeast,19107.7796
41,male,23.94,1,no,northeast,6858.4796
18,male,35.2,1,no,southeast,1727.54
29,female,24.6,2,no,southwest,4529.477
47,female,45.32,1,no,southeast,8569.8618
31,female,32.68,1,no,northwest,4738.2682
56,female,26.6,1,no,northwest,12044.342
19,male,28.4,1,no,southwest,1842.519
49,female,33.345,2,no,northeast,10370.91255
54,female,31.9,1,no,southeast,10928.849
34,male,25.27,1,no,northwest,4894.7533
52,female,30.78,1,no,northeast,10797.3362
46,male,33.44,1,no,northeast,8334.5896
29,male,35.5,2,yes,southwest,44585.45587
64,male,33.88,0,yes,southeast,46889.2612
46,male,19.855,0,no,northwest,7526.70645
45,female,38.285,0,no,northeast,7935.29115
57,male,42.13,1,yes,southeast,48675.5177
26,female,22.23,0,no,northwest,3176.2877
61,female,28.2,0,no,southwest,13041.921
26,male,20.8,0,no,southwest,2302.3
37,male,36.19,0,no,southeast,19214.70553
40,female,25.46,1,no,northeast,7077.1894
19,female,28.31,0,yes,northwest,17468.9839
57,female,31.825,0,no,northwest,11842.62375
50,female,27.36,0,no,northeast,25656.57526
36,female,29.92,1,no,southeast,5478.0368
51,female,36.67,2,no,northwest,10848.1343
31,female,25.8,2,no,southwest,4934.705
37,male,30.8,0,no,southwest,4646.759
23,female,34.96,3,no,northwest,4466.6214
30,male,22.99,2,yes,northwest,17361.7661
64,male,36.96,2,yes,southeast,49577.6624
20,male,33.0,1,no,southwest,1980.07
52,male,47.74,1,no,southeast,9748.9106
18,male,37.29,0,no,southeast,1141.4451
46,female,33.44,1,no,southeast,8240.5896
33,female,22.135,1,no,northeast,5354.07465
23,female,24.225,2,no,northeast,22395.74424
42,male,34.1,0,no,southwest,5979.731
18,female,38.28,0,no,southeast,14133.03775
20,male,27.93,0,no,northeast,1967.0227
19,male,20.425,0,no,northwest,1625.43375
22,male,33.77,0,no,southeast,1674.6323
28,female,24.32,1,no,northeast,23288.9284
29,female,21.755,1,yes,northeast,16657.71745
46,male,40.375,2,no,northwest,8733.22925
24,male,32.7,0,yes,southwest,34472.841
19,female,20.6,0,no,southwest,1731.677
48,male,30.2,2,no,southwest,8968.33
33,female,24.31,0,no,southeast,4185.0979
49,male,32.3,3,no,northwest,10269.46
34,female,27.5,1,no,southwest,5003.853
43,male,34.96,1,yes,northeast,41034.2214
41,male,30.78,3,yes,northeast,39597.4072
43,male,38.06,2,yes,southeast,42560.4304
64,male,25.6,2,no,southwest,14988.432
49,female,34.77,1,no,northwest,9583.8933
46,female,27.72,1,no,southeast,8232.6388
45,male,23.56,2,no,northeast,8603.8234
22,female,31.02,3,yes,southeast,35595.5898
42,female,24.985,2,no,northwest,8017.06115
53,male,31.16,1,no,northwest,10461.9794
30,female,28.405,1,no,northwest,4527.18295
19,female,23.4,2,no,southwest,2913.569
20,male,40.47,0,no,northeast,1984.4533
23,female,34.865,0,no,northeast,2899.48935
35,male,27.74,2,yes,northeast,20984.0936
49,male,31.35,1,no,northeast,9290.1395
23,male,18.715,0,no,northwest,21595.38229
46,female,48.07,2,no,northeast,9432.9253
58,female,32.395,1,no,northeast,13019.16105
38,female,28.93,1,no,southeast,5974.3847
44,male,30.2,2,yes,southwest,38998.546
24,male,40.15,0,yes,southeast,38126.2465
54,male,33.63,1,no,northwest,10825.2537
32,male,37.335,1,no,northeast,4667.60765
39,female,34.1,3,no,southwest,7418.522
19,female,24.51,1,no,northwest,2709.1119
18,male,23.75,0,no,northeast,1705.6245
18,female,29.165,0,no,northeast,7323.734819
24,male,25.8,0,no,southwest,1972.95
28,female,23.845,2,no,northwest,4719.73655
31,male,28.595,1,no,northwest,4243.59005
44,male,37.1,2,no,southwest,7740.337
31,female,25.74,0,no,southeast,3756.6216
31,female,36.63,2,no,southeast,4949.7587
58,female,28.215,0,no,northwest,12224.35085
54,female,47.41,0,yes,southeast,63770.42801
38,female,30.69,1,no,southeast,5976.8311
32,male,28.88,0,no,northwest,3866.8552
54,female,31.24,0,no,southeast,10338.9316
57,male,27.94,1,no,southeast,11554.2236
19,male,20.7,0,no,southwest,1242.816
57,male,40.37,0,no,southeast,10982.5013
30,female,33.33,1,no,southeast,4151.0287
34,male,34.21,0,no,southeast,3935.1799
52,male,30.2,1,no,southwest,9724.53
62,female,26.29,0,yes,southeast,27808.7251
50,female,46.09,1,no,southeast,9549.5651
63,female,25.08,0,no,northwest,14254.6082
56,male,31.79,2,yes,southeast,43813.8661
35,male,27.1,1,no,southwest,4746.344
63,female,23.085,0,no,northeast,14451.83515
43,male,27.36,3,no,northeast,8606.2174
18,female,31.35,0,no,southeast,1622.1885
18,male,34.1,0,no,southeast,1137.011
18,male,26.18,2,no,southeast,2304.0022
35,male,34.32,3,no,southeast,5934.3798
44,male,31.35,1,yes,northeast,39556.4945
21,male,22.3,1,no,southwest,2103.08
44,female,29.81,2,no,southeast,8219.2039
33,female,32.9,2,no,southwest,5375.038
35,male,24.13,1,no,northwest,5125.2157
18,male,29.37,1,no,southeast,1719.4363
33,male,42.4,5,no,southwest,6666.243
46,female,27.74,0,no,northwest,8026.6666
52,male,36.765,2,no,northwest,26467.09737
41,male,34.21,1,no,southeast,6289.7549
55,male,37.715,3,no,northwest,30063.58055
27,female,30.4,3,no,northwest,18804.7524
50,male,37.07,1,no,southeast,9048.0273
29,male,22.895,0,yes,northeast,16138.76205
48,female,27.93,4,no,northwest,11015.1747
25,female,41.325,0,no,northeast,17878.90068
26,female,29.92,2,no,southeast,3981.9768
42,male,24.605,2,yes,northeast,21259.37795
21,male,31.255,0,no,northwest,1909.52745
18,female,26.315,0,no,northeast,2198.18985
52,male,34.1,0,no,southeast,9140.951
45,male,24.31,5,no,southeast,9788.8659
25,female,23.465,0,no,northeast,3206.49135
35,female,34.8,1,no,southwest,5246.047
62,male,32.015,0,yes,northeast,45710.20785
18,female,36.85,0,no,southeast,1629.8335
47,female,27.645,2,yes,northwest,24535.69855
40,male,29.9,2,no,southwest,6600.361
38,female,27.835,2,no,northeast,7144.86265
52,male,33.25,0,no,northeast,9722.7695
57,female,20.1,1,no,southwest,12032.326
63,female,21.66,0,no,northeast,14449.8544
59,female,23.655,0,yes,northwest,25678.77845
19,female,32.11,0,no,northwest,2130.6759
61,female,33.33,4,no,southeast,36580.28216
44,female,38.95,0,yes,northwest,42983.4585
20,male,31.13,2,no,southeast,2566.4707
55,male,38.28,0,no,southeast,10226.2842
29,male,27.2,0,no,southwest,2866.091
62,male,32.11,0,no,northeast,13555.0049
26,male,27.06,0,yes,southeast,17043.3414
52,female,37.4,0,no,southwest,9634.538
52,female,25.3,2,yes,southeast,24667.419
37,male,29.83,2,no,northeast,6406.4107
43,female,32.56,3,yes,southeast,40941.2854
18,male,27.36,1,yes,northeast,17178.6824
52,female,18.335,0,no,northwest,9991.03765
59,female,27.72,3,no,southeast,14001.1338
18,male,30.14,0,no,southeast,1131.5066
18,female,38.17,0,no,southeast,1631.6683
33,female,42.94,3,no,northwest,6360.9936
54,female,23.0,3,no,southwest,12094.478
31,male,39.49,1,no,southeast,3875.7341
40,male,32.3,2,no,northwest,6986.697
35,male,36.67,1,yes,northeast,39774.2763
57,female,31.16,0,yes,northwest,43578.9394
64,female,31.3,2,yes,southwest,47291.055
30,female,39.05,3,yes,southeast,40932.4295
18,female,37.29,1,no,southeast,2219.4451
54,male,40.565,3,yes,northeast,48549.17835
41,female,31.02,0,no,southeast,6185.3208
39,female,23.87,5,no,southeast,8582.3023
46,female,28.05,1,no,southeast,8233.0975
50,female,26.22,2,no,northwest,10493.9458
25,female,34.485,0,no,northwest,3021.80915
19,female,28.6,5,no,southwest,4687.797
63,female,32.2,2,yes,southwest,47305.305
32,male,30.8,3,no,southwest,5253.524
24,female,26.6,0,no,northeast,3046.062
24,female,27.72,0,no,southeast,2464.6188
58,female,41.91,0,no,southeast,24227.33724
48,female,33.11,0,yes,southeast,40974.1649
40,female,29.6,0,no,southwest,5910.944
35,female,34.21,1,no,southeast,5245.2269
58,female,33.44,0,no,northwest,12231.6136
58,female,33.1,0,no,southwest,11848.141
54,female,32.3,1,no,northeast,11512.405
26,male,31.065,0,no,northwest,2699.56835
19,male,25.555,0,no,northwest,1632.56445
64,female,39.7,0,no,southwest,14319.031
52,female,33.3,2,no,southwest,10806.839
49,female,23.18,2,no,northwest,10156.7832
19,male,34.4,0,no,southwest,1261.859
52,female,31.73,2,no,northwest,11187.6567
49,female,36.63,3,no,southeast,10381.4787
19,male,35.53,0,no,northwest,1646.4297
25,male,26.8,3,no,southwest,3906.127
37,female,29.5,2,no,southwest,6311.952
52,female,46.75,5,no,southeast,12592.5345
63,male,31.445,0,no,northeast,13974.45555
48,male,35.625,4,no,northeast,10736.87075
29,female,20.235,2,no,northwest,4906.40965
60,female,36.005,0,no,northeast,13228.84695
28,male,29.26,2,no,northeast,4438.2634
61,female,35.91,0,no,northeast,13635.6379
53,male,36.6,3,no,southwest,11264.541
44,female,43.89,2,yes,southeast,46200.9851
46,female,32.3,2,no,northeast,9411.005
25,male,33.66,4,no,southeast,4504.6624
60,female,32.45,0,yes,southeast,45008.9555
36,male,41.895,3,yes,northeast,43753.33705
18,female,30.115,0,no,northeast,2203.47185
19,male,29.07,0,yes,northwest,17352.6803
42,female,23.37,0,yes,northeast,19964.7463
47,male,29.83,3,no,northwest,9620.3307
54,female,24.605,3,no,northwest,12479.70895
50,male,27.455,1,no,northeast,9617.66245
19,male,31.92,0,yes,northwest,33750.2918
18,male,23.21,0,no,southeast,1121.8739
19,male,24.6,1,no,southwest,1837.237
24,female,33.99,0,no,southeast,2473.3341
51,female,25.8,1,no,southwest,9861.025
58,female,25.2,0,no,southwest,11837.16
18,female,32.12,2,no,southeast,2801.2588
41,female,36.08,1,no,southeast,6781.3542
28,male,23.98,3,yes,southeast,17663.1442
27,male,45.9,2,no,southwest,3693.428
18,female,25.08,0,no,northeast,2196.4732
24,male,28.5,0,yes,northeast,35147.52848
41,female,33.06,2,no,northwest,7749.1564
30,male,28.69,3,yes,northwest,20745.9891
56,female,33.82,2,no,northwest,12643.3778
44,male,38.06,1,no,southeast,7152.6714
54,male,30.02,0,no,northwest,24476.47851
60,male,36.955,0,no,northeast,12741.16745
50,female,31.6,2,no,southwest,10118.424
27,male,26.03,0,no,northeast,3070.8087
27,female,24.75,0,yes,southeast,16577.7795
59,male,25.46,1,no,northeast,12913.9924
34,female,33.7,1,no,southwest,5012.471
30,female,28.38,1,yes,southeast,19521.9682
46,male,25.8,5,no,southwest,10096.97
64,female,30.115,3,no,northwest,16455.70785
29,male,32.11,2,no,northwest,4433.9159
44,male,34.32,1,no,southeast,7147.4728
32,female,44.22,0,no,southeast,3994.1778
19,female,40.5,0,no,southwest,1759.338
60,male,33.11,3,no,southeast,13919.8229
51,female,34.96,2,yes,northeast,44641.1974
48,female,35.91,1,no,northeast,26392.26029
50,female,28.12,3,no,northwest,11085.5868
26,male,32.9,2,yes,southwest,36085.219
62,male,21.4,0,no,southwest,12957.118
60,male,32.8,0,yes,southwest,52590.82939
19,male,33.1,0,no,southwest,23082.95533
21,female,35.72,0,no,northwest,2404.7338
18,male,33.77,1,no,southeast,1725.5523
43,female,35.64,1,no,southeast,7345.7266
27,male,18.905,3,no,northeast,4827.90495
45,female,28.6,2,no,southeast,8516.829
63,male,28.31,0,no,northwest,13770.0979
60,male,24.32,1,no,northwest,13112.6048
21,male,25.7,4,yes,southwest,17942.106
38,male,37.05,1,no,northeast,6079.6715
45,male,30.2,1,no,southwest,7441.053
35,female,31.0,1,no,southwest,5240.765
57,female,22.23,0,no,northeast,12029.2867
52,female,24.86,0,no,southeast,27117.99378
18,female,40.26,0,no,southeast,1634.5734
46,female,33.725,1,no,northeast,8823.98575
38,female,40.565,1,no,northwest,6373.55735
63,male,33.66,3,no,southeast,15161.5344
51,female,34.1,0,no,southeast,9283.562
50,female,27.6,1,yes,southwest,24520.264
51,female,37.05,3,yes,northeast,46255.1125
54,male,24.035,0,no,northeast,10422.91665
33,male,27.1,1,yes,southwest,19040.876
22,male,37.07,2,yes,southeast,37484.4493
32,male,35.2,2,no,southwest,4670.64
51,female,40.66,0,no,northeast,9875.6804
41,male,37.05,2,no,northwest,7265.7025
31,male,29.81,0,yes,southeast,19350.3689
38,female,27.6,0,no,southwest,5383.536
61,female,36.385,1,yes,northeast,48517.56315
64,female,26.885,0,yes,northwest,29330.98315
39,male,26.41,0,yes,northeast,20149.3229
22,male,52.58,1,yes,southeast,44501.3982
22,female,28.05,0,no,southeast,2155.6815
34,male,42.9,1,no,southwest,4536.259
55,female,25.365,3,no,northeast,13047.33235
32,female,41.1,0,no,southwest,3989.841
36,female,30.02,0,no,northwest,5272.1758
46,male,39.425,1,no,northeast,8342.90875
48,male,32.3,1,no,northwest,8765.249
27,female,17.955,2,yes,northeast,15006.57945
28,male,23.8,2,no,southwest,3847.674
42,male,24.86,0,no,southeast,5966.8874
19,male,27.835,0,no,northwest,1635.73365
52,male,41.8,2,yes,southeast,47269.854
40,female,29.81,1,no,southeast,6500.2359
56,female,27.2,0,no,southwest,11073.176
21,male,23.75,2,no,northwest,3077.0955
18,male,22.99,0,no,northeast,1704.5681
19,male,30.4,0,no,southwest,1256.299
60,female,27.55,0,no,northeast,13217.0945
50,male,36.2,0,no,southwest,8457.818
28,female,37.62,1,no,southeast,3766.8838
39,female,32.8,0,no,southwest,5649.715
24,female,27.6,0,no,southwest,18955.22017
44,male,27.4,2,no,southwest,7726.854
22,female,24.3,0,no,southwest,2150.469
51,male,24.795,2,yes,northwest,23967.38305
18,male,33.535,0,yes,northeast,34617.84065
40,female,36.19,0,no,southeast,5920.1041
50,male,32.11,2,no,northeast,25333.33284
32,male,33.82,1,no,northwest,4462.7218
45,male,33.7,1,no,southwest,7445.918
35,female,26.125,0,no,northeast,5227.98875
56,female,35.8,1,no,southwest,11674.13
25,male,30.59,0,no,northeast,2727.3951
51,male,31.635,0,no,northwest,9174.13565
18,female,38.665,2,no,northeast,3393.35635
27,male,30.3,3,no,southwest,4260.744
62,male,27.55,1,no,northwest,13937.6665
48,male,29.6,0,no,southwest,21232.18226
19,female,27.9,0,yes,southwest,16884.924
62,male,31.46,1,no,southeast,27000.98473
53,female,38.06,3,no,southeast,20462.99766
32,female,20.52,0,no,northeast,4544.2348
49,male,25.6,2,yes,southwest,23306.547
27,female,31.255,1,no,northwest,3956.07145
55,female,40.81,3,no,southeast,12485.8009
61,male,36.3,1,yes,southwest,47403.88
52,male,24.32,3,yes,northeast,24869.8368
25,male,25.74,0,no,southeast,2137.6536
62,male,37.4,0,no,southwest,12979.358
60,male,40.92,0,yes,southeast,48673.5588
47,female,36.63,1,yes,southeast,42969.8527
28,female,26.315,3,no,northwest,5312.16985
18,female,33.88,0,no,southeast,11482.63485
45,female,30.9,2,no,southwest,8520.026
42,male,35.97,2,no,southeast,7160.3303
56,male,36.1,3,no,southwest,12363.547
52,male,32.205,3,no,northeast,11488.31695
32,female,29.59,1,no,southeast,4562.8421
18,male,25.46,0,no,northeast,1708.0014
38,female,19.95,2,no,northeast,7133.9025
48,female,36.575,0,no,northwest,8671.19125
44,male,25.365,1,no,northwest,7518.02535
53,female,23.75,2,no,northeast,11729.6795
58,female,32.965,0,no,northeast,12430.95335
24,male,29.83,0,yes,northeast,18648.4217
56,male,33.66,4,no,southeast,12949.1554
41,male,28.405,1,no,northwest,6664.68595
64,female,39.33,0,no,northeast,14901.5167
30,female,43.12,2,no,southeast,4753.6368
20,female,29.6,0,no,southwest,1875.344
50,male,32.3,1,yes,northeast,41919.097
48,female,25.85,3,yes,southeast,24180.9335
39,male,28.3,1,yes,southwest,21082.16
37,male,46.53,3,no,southeast,6435.6237
61,male,38.38,0,no,northwest,12950.0712
29,male,38.94,1,no,southeast,3471.4096
25,female,28.595,0,no,northeast,3213.62205
21,male,25.745,2,no,northeast,3279.86855
51,male,42.9,2,yes,southeast,47462.894
41,male,33.55,0,no,southeast,5699.8375
19,female,37.43,0,no,northwest,2138.0707
26,male,33.915,1,no,northwest,3292.52985
54,female,27.645,1,no,northwest,11305.93455
45,male,30.495,2,no,northwest,8413.46305
24,male,28.5,2,no,northwest,3537.703
21,female,21.85,1,yes,northeast,15359.1045
30,male,35.3,0,yes,southwest,36837.467
45,male,22.895,2,yes,northwest,21098.55405
53,female,39.6,1,no,southeast,10579.711
40,male,30.875,4,no,northwest,8162.71625
18,male,21.565,0,yes,northeast,13747.87235
64,female,39.05,3,no,southeast,16085.1275
39,female,18.3,5,yes,southwest,19023.26
53,male,24.32,0,no,northwest,9863.4718
19,female,24.605,1,no,northwest,2709.24395
41,male,29.64,5,no,northeast,9222.4026
48,female,28.9,0,no,southwest,8277.523
51,male,27.74,1,no,northeast,9957.7216
53,female,24.795,1,no,northwest,10942.13205
42,female,29.48,2,no,southeast,7640.3092
30,female,21.945,1,no,northeast,4718.20355
22,female,27.1,0,no,southwest,2154.361
34,male,35.815,0,no,northwest,4320.41085
64,female,35.97,0,no,southeast,14313.8463
49,female,27.1,1,no,southwest,26140.3603
46,male,26.62,1,no,southeast,7742.1098
50,male,44.77,1,no,southeast,9058.7303
42,female,36.195,1,no,northwest,7443.64305
58,male,28.595,0,no,northwest,11735.87905
19,female,25.745,1,no,northwest,2710.82855
37,female,27.74,3,no,northwest,7281.5056
41,female,32.6,3,no,southwest,7954.517
30,male,38.83,1,no,southeast,18963.17192
52,female,37.525,2,no,northwest,33471.97189
52,female,31.2,0,no,southwest,9625.92
47,female,24.32,0,no,northeast,8534.6718
20,male,30.685,0,yes,northeast,33475.81715
39,male,42.655,0,no,northeast,5757.41345
28,male,38.06,0,no,southeast,2689.4954
49,female,27.17,0,no,southeast,8601.3293
45,male,22.895,0,yes,northeast,35069.37452
23,male,24.51,0,no,northeast,2396.0959
26,female,28.785,0,no,northeast,3385.39915
35,female,27.7,3,no,southwest,6414.178
45,male,39.805,0,no,northeast,7448.40395
25,female,26.79,2,no,northwest,4189.1131
21,male,35.53,0,no,southeast,1532.4697
57,female,38.0,2,no,southwest,12646.207
62,female,29.92,0,no,southeast,13457.9608
50,female,44.745,0,no,northeast,9541.69555
54,male,31.6,0,no,southwest,9850.432
63,female,26.22,0,no,northwest,14256.1928
53,male,20.9,0,yes,southeast,21195.818
49,female,41.47,4,no,southeast,10977.2063
38,male,38.39,3,yes,southeast,41949.2441
31,male,26.885,1,no,northeast,4441.21315
58,male,32.01,1,no,southeast,11946.6259
24,female,30.21,3,no,northwest,4618.0799
25,male,25.84,1,no,northeast,3309.7926
18,male,26.125,0,no,northeast,1708.92575
49,male,29.83,1,no,northeast,9288.0267
22,female,36.0,0,no,southwest,2166.732
55,male,32.775,0,no,northwest,10601.63225
59,female,32.1,3,no,southwest,14007.222
38,female,40.15,0,no,southeast,5400.9805
35,male,28.9,3,no,southwest,5926.846
40,female,23.37,3,no,northeast,8252.2843
61,female,31.16,0,no,northwest,13429.0354
30,male,24.4,3,yes,southwest,18259.216
59,male,37.1,1,no,southwest,12347.172
59,female,36.765,1,yes,northeast,47896.79135
51,female,39.5,1,no,southwest,9880.068
58,male,23.3,0,no,southwest,11345.519
22,female,30.4,0,no,northeast,2741.948
48,male,28.0,1,yes,southwest,23568.272
33,female,35.53,0,yes,northwest,55135.40209
29,male,29.735,2,no,northwest,18157.876
61,female,39.1,2,no,southwest,14235.072
18,male,41.14,0,no,southeast,1146.7966
40,female,29.3,4,no,southwest,15828.82173
46,female,34.6,1,yes,southwest,41661.602
58,male,34.865,0,no,northeast,11944.59435
24,male,33.63,4,no,northeast,17128.42608
58,female,22.77,0,no,southeast,11833.7823
55,male,35.245,1,no,northeast,11394.06555
55,male,33.88,3,no,southeast,11987.1682
42,male,26.07,1,yes,southeast,38245.59327
39,male,29.925,1,yes,northeast,22462.04375
53,male,29.48,0,no,southeast,9487.6442
38,female,30.21,3,no,northwest,7537.1639
53,male,36.1,1,no,southwest,10085.846
59,female,36.52,1,no,southeast,28287.89766
39,female,34.32,5,no,southeast,8596.8278
30,female,32.4,1,no,southwest,4149.736
44,female,20.235,1,yes,northeast,19594.80965
39,female,26.315,2,no,northwest,7201.70085
59,male,29.83,3,yes,northeast,30184.9367
51,male,32.3,1,no,northeast,9964.06
60,male,25.74,0,no,southeast,12142.5786
63,female,35.2,1,no,southeast,14474.675
62,female,39.16,0,no,southeast,13470.8044
24,male,32.01,0,no,southeast,1981.5819
59,female,27.5,0,no,southwest,12233.828
19,female,28.3,0,yes,southwest,17081.08
34,female,23.56,0,no,northeast,4992.3764
60,female,24.53,0,no,southeast,12629.8967
57,female,23.98,1,no,southeast,22192.43711
43,female,30.685,2,no,northwest,8310.83915
35,female,35.86,2,no,southeast,5836.5204
53,male,41.47,0,no,southeast,9504.3103
30,female,27.7,0,no,southwest,3554.203
22,female,28.82,0,no,southeast,2156.7518
19,female,18.6,0,no,southwest,1728.897
62,male,38.83,0,no,southeast,12981.3457
18,female,26.73,0,no,southeast,1615.7667
21,female,25.8,0,no,southwest,2007.945
57,female,29.81,0,yes,southeast,27533.9129
62,female,33.2,0,no,southwest,13462.52
61,female,22.04,0,no,northeast,13616.3586
53,female,35.9,2,no,southwest,11163.568
60,male,29.64,0,no,northeast,12730.9996
27,female,25.175,0,no,northeast,3558.62025
33,male,24.605,2,no,northwest,5257.50795
31,female,29.26,1,no,southeast,4350.5144
21,female,34.6,0,no,southwest,2020.177
28,male,26.98,2,no,northeast,4435.0942
27,male,32.585,3,no,northeast,4846.92015
62,male,30.875,3,yes,northwest,46718.16325
53,male,34.105,0,yes,northeast,43254.41795
23,female,36.67,2,yes,northeast,38511.6283
56,male,32.11,1,no,northeast,11763.0009
22,female,30.4,0,yes,northwest,33907.548
56,female,25.3,0,no,southwest,11070.535
30,female,22.895,1,no,northeast,4719.52405
32,female,37.145,3,no,northeast,6334.34355
22,male,26.84,0,no,southeast,1664.9996
19,male,19.8,0,no,southwest,1241.565
38,male,19.3,0,yes,southwest,15820.699
37,male,22.705,3,no,northeast,6985.50695
25,male,24.985,2,no,northeast,23241.47453
52,male,36.7,0,no,southwest,9144.565
21,female,21.89,2,no,southeast,3180.5101
36,male,28.595,3,no,northwest,6548.19505
26,male,35.42,0,no,southeast,2322.6218
50,female,30.115,1,no,northwest,9910.35985
18,female,38.28,0,no,southeast,1631.8212
30,male,31.57,3,no,southeast,4837.5823
51,male,25.4,0,no,southwest,8782.469
44,female,23.98,2,no,southeast,8211.1002
48,male,31.445,1,no,northeast,8964.06055
20,male,35.625,3,yes,northwest,37465.34375
28,male,36.4,1,yes,southwest,51194.55914
32,female,17.765,2,yes,northwest,32734.1863
41,male,32.2,2,no,southwest,6875.961
18,female,27.28,3,yes,southeast,18223.4512
46,male,42.35,3,yes,southeast,46151.1245
29,female,32.11,2,no,northwest,4922.9159
50,male,34.2,2,yes,southwest,42856.838
23,male,32.56,0,no,southeast,1824.2854
57,male,28.975,0,yes,northeast,27218.43725
40,male,19.8,1,yes,southeast,17179.522
29,male,28.975,1,no,northeast,4040.55825
64,male,26.41,0,no,northeast,14394.5579
18,female,40.185,0,no,northeast,2217.46915
60,female,24.035,0,no,northwest,13012.20865
34,male,42.13,2,no,southeast,5124.1887
32,male,30.03,1,no,southeast,4074.4537
35,male,30.5,1,no,southwest,4751.07
23,male,32.7,3,no,southwest,3591.48
64,male,24.7,1,no,northwest,30166.61817
40,male,22.705,2,no,northeast,7173.35995
20,female,22.42,0,yes,northwest,14711.7438
50,female,23.54,2,no,southeast,10107.2206
20,male,32.395,1,no,northwest,2362.22905
18,male,39.14,0,no,northeast,12890.05765
63,male,39.8,3,no,southwest,15170.069
59,male,26.4,0,no,southeast,11743.299
43,male,20.13,2,yes,southeast,18767.7377
25,female,30.2,0,yes,southwest,33900.653
56,male,40.3,0,no,southwest,10602.385
26,male,30.875,2,no,northwest,3877.30425
27,female,20.045,3,yes,northwest,16420.49455
25,female,22.515,1,no,northwest,3594.17085
47,male,25.41,1,yes,southeast,21978.6769
37,male,30.875,3,no,northwest,6796.86325
19,female,22.515,0,no,northwest,2117.33885
59,male,24.7,0,no,northeast,12323.936
36,male,30.875,1,no,northwest,5373.36425
21,female,39.49,0,no,southeast,2026.9741
28,female,27.5,2,no,southwest,20177.67113
28,female,34.77,0,no,northwest,3556.9223
20,male,39.4,2,yes,southwest,38344.566
48,male,36.67,1,no,northwest,28468.91901
41,male,35.75,1,yes,southeast,40273.6455
21,female,32.68,2,no,northwest,26018.95052
20,female,31.92,0,no,northwest,2261.5688
33,female,26.695,0,no,northwest,4571.41305
22,female,20.235,0,no,northwest,2527.81865
31,female,30.495,3,no,northeast,6113.23105
57,male,28.1,0,no,southwest,10965.446
52,female,24.13,1,yes,northwest,23887.6627
64,female,33.8,1,yes,southwest,47928.03
47,female,29.545,1,no,northwest,8930.93455
36,female,26.2,0,no,southwest,4883.866
40,female,28.69,3,no,northwest,8059.6791
20,female,33.3,0,no,southwest,1880.487
25,male,24.13,0,yes,northwest,15817.9857
28,male,33.0,3,no,southeast,4449.462
54,female,28.88,2,no,northeast,12096.6512
45,female,25.7,3,no,southwest,9101.798
24,male,26.79,1,no,northwest,12609.88702
26,female,42.4,1,no,southwest,3410.324
54,female,35.815,3,no,northwest,12495.29085
46,male,24.795,3,no,northeast,9500.57305
37,female,34.8,2,yes,southwest,39836.519
29,female,35.53,0,no,southeast,3366.6697
58,female,27.17,0,no,northwest,12222.8983
23,male,17.385,1,no,northwest,2775.19215
50,female,28.16,3,no,southeast,10702.6424
19,female,32.9,0,no,southwest,1748.774
28,male,35.435,0,no,northeast,3268.84665
47,female,24.1,1,no,southwest,26236.57997
19,female,33.11,0,yes,southeast,34439.8559
44,female,36.955,1,no,northwest,8023.13545
21,female,16.815,1,no,northeast,3167.45585
35,female,38.095,2,no,northeast,24915.04626
54,female,32.68,0,no,northeast,10923.9332
18,male,21.47,0,no,northeast,1702.4553
20,female,26.84,1,yes,southeast,17085.2676
45,male,21.375,0,no,northwest,7222.78625
47,male,28.215,4,no,northeast,10407.08585
53,female,26.7,2,no,southwest,11150.78
45,female,25.175,2,no,northeast,9095.06825
29,male,33.345,2,no,northwest,19442.3535
21,male,36.85,0,no,southeast,1534.3045
45,female,27.83,2,no,southeast,8515.7587
19,female,30.02,0,yes,northwest,33307.5508
23,male,27.36,1,no,northwest,2789.0574
33,male,30.25,0,no,southeast,3704.3545
20,female,31.46,0,no,southeast,1877.9294
58,male,36.955,2,yes,northwest,47496.49445
21,female,33.63,2,no,northwest,3579.8287
27,female,24.1,0,no,southwest,2974.126
61,male,33.535,0,no,northeast,13143.33665
55,male,29.9,0,no,southwest,10214.636
50,male,31.825,0,yes,northeast,41097.16175
43,male,30.1,1,no,southwest,6849.026
20,male,35.31,1,no,southeast,27724.28875
28,female,33.4,0,no,southwest,3172.018
55,male,27.645,0,no,northwest,10594.50155
39,female,32.5,1,no,southwest,6238.298
29,male,34.4,0,yes,southwest,36197.699
26,female,19.8,1,no,southwest,3378.91
39,male,21.85,1,no,northwest,6117.4945
51,female,21.56,1,no,southeast,9855.1314
19,female,39.615,1,no,northwest,2730.10785
28,female,33.0,2,no,southeast,4349.462
36,female,25.84,0,no,northwest,5266.3656
55,female,30.5,0,no,southwest,10704.47
59,male,37.4,0,no,southwest,21797.0004
46,female,28.9,2,no,southwest,8823.279
36,male,28.025,1,yes,northeast,20773.62775
33,male,35.245,0,no,northeast,12404.8791
44,female,26.41,0,no,northwest,7419.4779
53,female,28.1,3,no,southwest,11741.726
27,female,30.59,1,no,northeast,16796.41194
24,female,23.21,0,no,southeast,25081.76784
32,male,46.53,2,no,southeast,4686.3887
36,male,34.43,0,yes,southeast,37742.5757
63,male,30.8,0,no,southwest,13390.559
61,female,29.07,0,yes,northwest,29141.3603
43,male,35.97,3,yes,southeast,42124.5153
34,female,26.73,1,no,southeast,5002.7827
18,male,23.085,0,no,northeast,1704.70015
18,male,33.33,0,no,southeast,1135.9407
23,female,28.31,0,yes,northwest,18033.9679
20,male,29.735,0,no,northwest,1769.53165
41,female,37.1,2,no,southwest,7371.772
62,male,26.695,0,yes,northeast,28101.33305
33,female,36.29,3,no,northeast,6551.7501
33,female,39.82,1,no,southeast,4795.6568
54,male,30.21,0,no,northwest,10231.4999
24,female,20.52,0,yes,northeast,14571.8908
47,female,23.6,1,no,southwest,8539.671
22,male,35.6,0,yes,southwest,35585.576
19,male,17.48,0,no,northwest,1621.3402
48,male,30.78,3,no,northeast,10141.1362
37,male,34.2,1,yes,northeast,39047.285
20,male,30.115,5,no,northeast,4915.05985
37,female,38.39,0,yes,southeast,40419.0191
63,male,33.1,0,no,southwest,13393.756
18,female,28.215,0,no,northeast,2200.83085
19,female,17.8,0,no,southwest,1727.785
24,female,33.345,0,no,northwest,2855.43755
19,male,25.175,0,no,northwest,1632.03625
23,male,26.51,0,no,southeast,1815.8759
41,male,30.59,2,no,northwest,7256.7231
42,male,28.31,3,yes,northwest,32787.45859
60,male,28.595,0,no,northeast,30259.99556
39,female,24.225,5,no,northwest,8965.79575
18,male,28.5,0,no,northeast,1712.227
37,female,26.4,0,yes,southeast,19539.243
19,male,34.9,0,yes,southwest,34828.654
36,male,33.82,1,no,northwest,5377.4578
62,female,31.73,0,no,northeast,14043.4767
48,female,27.265,1,no,northeast,9447.25035
29,female,38.83,3,no,southeast,5138.2567
43,female,26.7,2,yes,southwest,22478.6
42,female,40.37,2,yes,southeast,43896.3763
31,male,27.645,2,no,northeast,5031.26955
18,male,31.73,0,yes,northeast,33732.6867
56,male,22.1,0,no,southwest,10577.087
24,female,29.925,0,no,northwest,2850.68375
30,male,35.53,0,yes,southeast,36950.2567
22,male,28.31,1,no,northwest,2639.0429
59,male,27.5,1,no,southwest,12333.828
57,female,28.785,4,no,northeast,14394.39815
19,male,22.61,0,no,northwest,1628.4709
44,female,27.645,0,no,northwest,7421.19455
29,female,29.59,1,no,southeast,3947.4131
19,male,27.265,2,no,northwest,22493.65964
19,female,29.8,0,no,southwest,1744.465
19,male,27.7,0,yes,southwest,16297.846
39,female,31.92,2,no,northwest,7209.4918
19,male,20.615,2,no,northwest,2803.69785
39,female,24.89,3,yes,northeast,21659.9301
55,male,37.3,0,no,southwest,20630.28351
49,male,25.84,2,yes,northwest,23807.2406
30,male,24.13,1,no,northwest,4032.2407
41,female,28.05,1,no,southeast,6770.1925
25,female,30.3,0,no,southwest,2632.992
19,female,36.575,0,no,northwest,2136.88225
18,female,20.79,0,no,southeast,1607.5101
23,male,23.845,0,no,northeast,2395.17155
30,female,23.655,3,yes,northwest,18765.87545
22,male,32.11,0,no,northwest,2055.3249
24,male,31.065,0,yes,northeast,34254.05335
54,male,39.6,1,no,southwest,10450.552
29,female,26.03,0,no,northwest,3736.4647
30,female,19.95,3,no,northwest,5693.4305
23,female,31.4,0,yes,southwest,34166.273
23,female,32.78,2,yes,southeast,36021.0112
23,female,28.0,0,no,southwest,13126.67745
32,male,37.18,2,no,southeast,4673.3922
19,male,34.8,0,yes,southwest,34779.615
55,male,33.0,0,no,southeast,20781.48892
26,male,23.7,2,no,southwest,3484.331
35,male,34.77,2,no,northwest,5729.0053
57,male,40.28,0,no,northeast,20709.02034
21,female,22.135,0,no,northeast,2585.85065
53,male,21.4,1,no,southwest,10065.413
44,female,36.48,0,no,northeast,12797.20962
20,male,27.3,0,yes,southwest,16232.847
30,male,44.22,2,no,southeast,4266.1658
30,male,37.8,2,yes,southwest,39241.442
43,male,35.31,2,no,southeast,18806.14547
47,male,19.57,1,no,northwest,8428.0693
34,female,29.26,3,no,southeast,6184.2994
28,female,33.11,0,no,southeast,3171.6149
28,female,26.51,2,no,southeast,4340.4409
50,male,30.97,3,no,northwest,10600.5483
49,male,28.7,1,no,southwest,8703.456
21,male,31.1,0,no,southwest,1526.312
19,male,35.4,0,no,southwest,1263.249
33,female,19.095,2,yes,northeast,16776.30405
49,female,42.68,2,no,southeast,9800.8882
35,female,34.105,3,yes,northwest,39983.42595
28,male,31.68,0,yes,southeast,34672.1472
33,male,42.46,1,no,southeast,11326.71487
45,male,36.48,2,yes,northwest,42760.5022
32,female,29.8,2,no,southwest,5152.134
18,female,31.92,0,no,northeast,2205.9808
19,male,26.03,1,yes,northwest,16450.8947
44,male,39.52,0,no,northwest,6948.7008
30,female,30.9,3,no,southwest,5325.651
56,female,28.31,0,no,northeast,11657.7189
24,male,23.4,0,no,southwest,1969.614
21,male,28.975,0,no,northwest,1906.35825
20,female,33.0,0,no,southeast,1880.07
44,male,30.69,2,no,southeast,7731.4271
57,male,18.335,0,no,northeast,11534.87265
18,male,31.68,2,yes,southeast,34303.1672
25,female,42.13,1,no,southeast,3238.4357
29,male,31.73,2,no,northwest,4433.3877
18,male,23.32,1,no,southeast,1711.0268
53,female,37.43,1,no,northwest,10959.6947
44,female,25.0,1,no,southwest,7623.518
56,male,33.63,0,yes,northwest,43921.1837
31,female,29.1,0,no,southwest,3761.292
26,male,17.67,0,no,northwest,2680.9493
41,female,31.6,0,no,southwest,6186.127
54,female,21.47,3,no,northwest,12475.3513
26,male,46.53,1,no,southeast,2927.0647
55,male,32.67,1,no,southeast,10807.4863
36,male,28.88,3,no,northeast,6748.5912
39,male,45.43,2,no,southeast,6356.2707
19,male,30.25,0,yes,southeast,32548.3405
58,male,38.0,0,no,southwest,11365.952
61,male,43.4,0,no,southwest,12574.049
42,female,26.6,0,yes,northwest,21348.706
43,male,26.03,0,no,northeast,6837.3687
41,female,33.155,3,no,northeast,8538.28845
40,male,24.97,2,no,southeast,6593.5083
20,male,28.025,1,yes,northwest,17560.37975
25,male,23.9,5,no,southwest,5080.096
59,male,29.7,2,no,southeast,12925.886
49,male,37.51,2,no,southeast,9304.7019
28,male,37.1,1,no,southwest,3277.161
61,female,25.08,0,no,southeast,24513.09126
50,female,27.075,1,no,northeast,10106.13425
36,male,33.4,2,yes,southwest,38415.474
22,male,19.95,3,no,northeast,4005.4225
57,male,33.63,1,no,northwest,11945.1327
46,male,27.6,0,no,southwest,24603.04837
26,male,30.0,1,no,southwest,2904.088
53,female,22.88,1,yes,southeast,23244.7902
56,male,39.6,0,no,southwest,10601.412
48,male,24.42,0,yes,southeast,21223.6758
42,male,26.315,1,no,northwest,6940.90985
35,female,23.465,2,no,northeast,6402.29135
50,male,25.3,0,no,southeast,8442.667
39,male,35.3,2,yes,southwest,40103.89
63,male,41.325,3,no,northwest,15555.18875
62,female,30.495,2,no,northwest,15019.76005
63,female,37.7,0,yes,southwest,48824.45
27,female,36.08,0,yes,southeast,37133.8982
24,male,23.655,0,no,northwest,2352.96845
45,male,27.5,3,no,southwest,8615.3
42,male,37.18,2,no,southeast,7162.0122
45,female,35.3,0,no,southwest,7348.142
60,male,24.32,0,no,northwest,12523.6048
32,male,33.63,1,yes,northeast,37607.5277
30,male,37.43,3,no,northeast,5428.7277
49,male,30.9,0,yes,southwest,39727.614
64,male,34.5,0,no,southwest,13822.803
23,female,39.27,2,no,southeast,3500.6123
44,female,25.8,1,no,southwest,7624.63
53,male,31.35,0,no,southeast,27346.04207
28,male,33.82,0,no,northwest,19673.33573
36,male,29.7,0,no,southeast,4399.731
64,male,37.905,0,no,northwest,14210.53595
19,female,35.15,0,no,northwest,2134.9015
33,female,28.27,1,no,southeast,4779.6023
37,male,34.1,4,yes,southwest,40182.246
64,male,38.19,0,no,northeast,14410.9321
20,female,30.59,0,no,northeast,2459.7201
54,male,25.46,1,no,northeast,25517.11363
63,female,31.8,0,no,southwest,13880.949
42,male,35.8,2,no,southwest,7160.094
46,male,30.495,3,yes,northwest,40720.55105
56,female,25.65,0,no,northwest,11454.0215
39,male,32.34,2,no,southeast,6338.0756
63,female,26.98,0,yes,northwest,28950.4692
23,female,42.75,1,yes,northeast,40904.1995
18,male,28.31,1,no,northeast,11272.33139
55,female,26.98,0,no,northwest,11082.5772
22,male,37.62,1,yes,southeast,37165.1638
46,male,25.745,3,no,northwest,9301.89355
56,male,34.43,0,no,southeast,10594.2257
34,male,32.8,1,no,southwest,14358.36437
44,male,22.135,2,no,northeast,8302.53565
52,female,30.875,0,no,northeast,23045.56616
40,female,33.0,3,no,southeast,7682.67
64,male,39.16,1,no,southeast,14418.2804
47,female,33.345,0,no,northeast,20878.78443
36,male,35.2,1,yes,southeast,38709.176
59,male,31.79,2,no,southeast,12928.7911
42,male,26.9,0,no,southwest,5969.723
18,male,30.03,1,no,southeast,1720.3537
64,male,23.76,0,yes,southeast,26926.5144
32,female,29.735,0,no,northwest,4357.04365
